name,epoch,knn_acc1,knn_acc5,probe_loss,probe_acc1,probe_acc5,encoder_out_l1,encoder_out_l2,encoder_out_hoyer,encoder_out_mean_separability,encoder_out_dead_dim_fraction,encoder_out_disentanglement_score,encoder_out_completeness_score,encoder_out_zero_fraction,proj_hidden_l1,proj_hidden_l2,proj_hidden_hoyer,proj_hidden_mean_separability,proj_hidden_dead_dim_fraction,proj_hidden_disentanglement_score,proj_hidden_completeness_score,proj_hidden_zero_fraction,proj_out_l1,proj_out_l2,proj_out_hoyer,proj_out_mean_separability,proj_out_dead_dim_fraction,proj_out_disentanglement_score,proj_out_completeness_score,proj_out_zero_fraction
BaseNoProj,200,0.5254,0.7859,1.557704076170921,0.5769,0.846,32.728822668457035,6.9960801246643065,0.8225807071685791,0.1681205630302429,0.0,0.5965303879529639,0.4469745953913642,0.8356453125,,,,,,,,,,,,,,,,
BaseMLPt01,200,0.5473,0.8029,1.4684043407440186,0.5879,0.8568,145.69374389648436,11.619005950927734,0.4612391854286193,0.2307575345039367,0.0,0.3059060361339625,0.2154765778474079,0.2357349609375,251.2573837890625,17.374189529418945,0.3777023516654968,0.2410008907318115,0.05078125,0.183995434650378,0.1364887831018947,0.346858984375,142.15736572265624,15.71597344970703,0.2200155069828033,0.2025563418865203,0.0,0.1715501818256935,0.1474582546351652,0.0
BaseMLPBN,200,0.5557,0.8114,1.3981927812099455,0.6114,0.8756,124.05316680908204,9.322846221923829,0.4277368494033813,0.214690089225769,0.0,0.2941976984934054,0.2123953608242448,0.1931599609375,269.10363432617186,19.78930673828125,0.415419215297699,0.2508381307125091,0.0,0.230981452170858,0.1660278620005689,0.4395908203125,156.42851901855468,17.61049033203125,0.2356893710851669,0.1822514235973358,0.0,0.21289387524932,0.1909409912946931,0.0
